Drillhole Name,Easting,Northing,Elevation,Azimuth,Dip,Lift Rate,Drift Rate,Distance,Extension,Target Depth,Comment
phase_001,445220.994837,493859.287666,3043.63421669,85.36788526703913,82.10486697555353,0.000,0.000,10.0,50.0,500.000000,
phase_002,445402.38,493907.18,2897.34,255.57110014588133,54.21942818722516,0.100,0.040,10.0,50.0,300.000000,With some small natual deviation
phase_003,445023.976327,493590.390518,2935.00730726,80.0,50.0,0.000,0.000,10.0,100.0,780.912156,
