holeid,x,y,z,maxdepth
phase_001,445220.994837,493859.287666,3043.63421669,550.0
phase_002,445400.0,493910.0,2897.0,350.0
phase_003,445023.976327,493590.390518,2935.00730726,300.0
